title,link
Test rozšířených výsledků – Google Search Console,search.google.com › test › rich-results
Rigorous Testing – How Google Search Works,www.google.com › search › rigorous-testing
Rich Results Test - Google Search Console,search.google.com › test › rich-results
100+ Test Cases For Search Functionality You Should Know - Katalon,katalon.com › resources-center › blog › test-cases-fo...
Wikipedia:Search engine test,en.wikipedia.org › wiki › Wikipedia:Search_engine_...
Rich Results Test - Search Console Help,support.google.com › webmasters › answer
European Test Finder,www.testfinder.info
Schema Markup Testing Tool | Google Search Central,developers.google.com › appearance › structured-data
Search - PractiTest,www.practitest.com › help › general-actions › search
Search Our Health Care Diagnostics Tests Menu - Labcorp,www.labcorp.com › test-menu › search